-- Вставка категорій транспорту --
INSERT INTO category_of_transport (category_of_transport) 
VALUES ('A'),
       ('A1'),
       ('B'),
       ('B1'),
       ('C'),
       ('C1'),
       ('D'),
       ('D1'),
       ('T');

-- Вставка типів транспорту --
INSERT INTO type_of_transport (type_of_transport) 
VALUES ('Motorcycle'),
       ('Moped'),
       ('Scooter'),
       ('Chopper'),
       ('Passenger car'),
       ('Truck'),
       ('Lorry'),
       ('ATV'),
       ('Bus'),
       ('Minibus'),
       ('Tram'),
       ('Trolleybus');

-- Вставка транспорту --
INSERT INTO transport (license_plate_number, purpose_of_transport, category_of_transport, year_of_manufacture, transport_id, affiliation_marker, type_of_gearbox) 
VALUES ('AA1234BB', 'Motorcycle', 'A', '2010', 'A1B2', '1', 'AT'),
       ('BC5678DE', 'Moped', 'A1', '2015', 'C3D4', '1', 'MT'),
       ('KM9101OM', 'Chopper', 'A', '2016', 'E5F6', '0', 'MT'),
       ('IT1122IT', 'Passenger car', 'B', '2008', 'G7H8', '1', 'MT'),
       ('VE1313AK', 'Passenger car', 'B', '2021', 'I9J0', '1', 'AT'),
       ('NN1414NN', 'Scooter', 'A1', '2022', 'K1L2', '0', 'MT'),
       ('LO1515LO', 'Truck', 'C', '2004', 'M3N4', '1', 'MT'),
       ('AI1616IA', 'Motorcycle', 'A', '2010', 'O5P6', '0', 'MT'),
       ('UP1717UR', 'Truck', 'C1', '2009', 'Q7R8', '1', 'MT'),
       ('ST1818TS', 'Lorry', 'C', '2020', 'S9T0', '1', 'MT'),
       ('LA1929AK', 'ATV', 'B1', '2018', 'U1V2', '1', 'MT'),
       ('RI2020RI', 'Passenger car', 'B', '2003', 'W3X4', '0', 'AT'),
       ('KO2121KO', 'Motorcycle', 'A', '2016', 'Y5Z6', '0', 'MT'),
       ('MM2222MM', 'Bus', 'D', '2011', '123A', '1', 'MT'),
       ('AP2323AR', 'Passenger car', 'B', '2018', 'BC45', '0', 'MT'),
       ('II2424II', 'Minibus', 'D1', '2019', 'D678', '1', 'MT'),
       ('VO2525VO', 'Tram', 'T', '1985', 'EF90', '1', NULL),
       ('TT2626TT', 'Moped', 'A1', '2021', 'GH12', '1', 'MT'),
       ('NN2727NN', 'Trolleybus', 'T', '2004', 'IJKL', '1', 'AT'),
       ('SS2828SS', 'Truck', 'B', '2006', 'MNOP', '0' , 'MT');

-- Вставка інспекторів з теорії --
INSERT INTO theoretical_exam_inspector (last_name, first_name, middle_name, phone_number, inspector_id) 
VALUES ('Kovalenko', 'Andriy', 'Ivanovych', '+380963229935', 'QW29'),
       ('Hrytsenko', 'Olena', 'Mykhailivna', '+380675233153', 'J7K1'),
       ('Morozov', 'Serhiy', 'Petrovych', '+380507880730', 'P5R2'),
       ('Shevchenko', 'Kateryna', 'Oleksandrivna', '+380981496572', '6VZX'),
       ('Lysenko', 'Mykola', 'Dmytrovych', '+380631998321', 'LK91'),
       ('Tkachenko', 'Iryna', 'Yuriivna', '+380963865449', '8P3Y'),
       ('Ivanov', 'Vadim', 'Oleksiyovych', '+380501234567', 'AB12'),
       ('Zaharchenko', 'Dmitriy', 'Igorevich', '+380509376559', '34CD'),
       ('Petrenko', 'Lilia', 'Sergiyivna', '+380630340402', 'EF56'),
       ('Romanchuk', 'Olena', 'Pavlivna', '+380980454768', 'GH78'),
       ('Hrynevych', 'Volodymyr', 'Pavlovich', '+380960704741', 'IJ90'),
       ('Kravchuk', 'Marina', 'Igorivna', '+380972450381', 'KL12'),
       ('Shevchenko', 'Dmytro', 'Yuriyovich', '+380954962707', 'MN34'),
       ('Hryhorenko', 'Maria', 'Yuriivna', '+380973986092', 'OP56'),
       ('Zakharchenko', 'Vadim', 'Ostapovich', '+380963551664', 'QR78'),
       ('Petrenko', 'Iryna', 'Mykolaivna', '+380921218565', 'ST90'),
       ('Sydorenko', 'Pavlo', 'Ivanovych', '+380686466885', '9Z01'),
       ('Romanchuk', 'Oleksandra', 'Sergiyivna', '+380934939557', '4567'),
       ('Berezin', 'Yuriy', 'Anatoliyovych', '+3806897627967', '3V92'),
       ('Hrynevych', 'Nazar', 'Sergiyovych', '+380508998794', 'LK92');

-- Вставка інспекторів з практики --
INSERT INTO practical_exam_inspector (last_name, first_name, middle_name, phone_number, inspector_id) 
VALUES ('Kravchuk', 'Kateryna', 'Dmytrivna', '+380671234567', 'AB12'),
       ('Shevchenko', 'Oleksandr', 'Volodymyrovych', '+380681112233', '34CD'),
       ('Hryhorenko', 'Lidiia', 'Yaroslavivna', '+380991234567', 'EF56'),
       ('Zakharchenko', 'Ostap', 'Viacheslavovich', '+380998611095', 'GH78'),
       ('Petrenko', 'Maria', 'Viktorivna', '+380633682611', 'IJ90'),
       ('Kozak', 'Anatolii', 'Oleksiyovych', '+380921112233', 'KL12'),
       ('Lysenko', 'Nataliia', 'Pavlivna', '+380927321976', 'MN34'),
       ('Sydorenko', 'Vadym', 'Ivanovych', '+380926947180', 'OP56'),
       ('Romanchuk', 'Volodymyr', 'Volodymyrovych', '+380611112233', 'QR78'),
       ('Hrynevych', 'Pavlo', 'Pavlovich', '+380941234567', 'ST90'),
       ('Ivanov', 'Ivan', 'Ivanovich', '+380561234567', 'ABC1'),
       ('Zaharchenko', 'Volodymyr', 'Mykolayovich', '+380661112233', 'EFGH'),
       ('Petrenko', 'Natalia', 'Vitaliyivna', '+380731234567', 'IJKL'),
       ('Romanchuk', 'Oksana', 'Dmytrivna', '+380961234567', 'MNOP'),
       ('Hrynevych', 'Valentyn', 'Yevhenovych', '+380663705997', 'QRST'),
       ('Kravchuk', 'Anna', 'Oleksandrivna', '+380441234567', 'UVWX'),
       ('Shevchenko', 'Taras', 'Hryhorovich', '+380501112233', 'YZ12'),
       ('Hryhorenko', 'Anna', 'Dmytrivna', '+380631234567', '3456'),
       ('Zakharchenko', 'Serhii', 'Vitaliiovych', '+380731112233', '7890'),
       ('Petrenko', 'Iryna', 'Mykolaivna', '+380951234567', 'ABCD');

-- Вставка осіб, що складають іспит --
INSERT INTO applicant (last_name, first_name, middle_name, phone_number, applicant_id, amount_of_attempts) 
VALUES ('Ivanov', 'Andriy', 'Petrovich', '+380686750607', '40F9ZS4KTI', 0),
       ('Petrova', 'Olena', 'Mykhailivna', '+380664298642', '1Q6LHSY9F6', 0),
       ('Kozlov', 'Serhiy', 'Oleksandrovich', '+380638543886', 'U5ZIIHI9Q4', 0),
       ('Shevchenko', 'Kateryna', 'Mykolaivna', '+380991606774', 'MKH7KZICVW', 0),
       ('Lysenko', 'Mykola', 'Dmytrovych', '+380663775943', 'ZY099QM7M6', 0),
       ('Tkachenko', 'Iryna', 'Yuriivna', '+380676298248', 'BGAVV8CV5Z', 0),
       ('Hrytsenko', 'Nataliia', 'Pavlivna', '+380990992107', '9TZ364BR9I', 0),
       ('Sydorenko', 'Vadym', 'Ivanovych', '+380682389433', '0887FFI23N', 0),
       ('Romanchuk', 'Oksana', 'Dmytrivna', '+380666507549', '9659RIK4BZ', 0),
       ('Hrynevych', 'Valentyn', 'Yevhenovych', '+380987674502', 'OE4BTKOAZ5', 0),
       ('Ivanova', 'Nataliia', 'Olehivna', '+380505968805', '4RURLOCH7Z', 0),
       ('Zaharchenko', 'Dmitro', 'Igorevich', '+380931586207', 'JBCFPPE6NC', 0),
       ('Pavlova', 'Anna', 'Yaroslavivna', '+380663334453', '5RMO8V698L', 0),
       ('Shevchenko', 'Dmytro', 'Oleksandrovych', '+380973439606', '5VE53ITSYC', 0),
       ('Hryhorova', 'Iryna', 'Yuriivna', '+380965770884', '0PT4XWXPJD', 0),
       ('Ivanchenko', 'Andriy', 'Olehovych', '+380680991414', 'QUC606TU5L', 0),
       ('Kovalenko', 'Viktor', 'Viktorovych', '+380665055007', 'P0S261EE9G', 0),
       ('Hrytsenko', 'Daria', 'Mykolaivna', '+380503712606', '20ZFS6U0D2', 0),
       ('Morozova', 'Olga', 'Ivanivna', '+380676217585', 'DPYQTXUXRP', 0),
       ('Sydorenko', 'Ivan', 'Pavlovych', '+380946004293', 'MHBABTA572', 0),
       ('Romanchuk', 'Yaroslav', 'Sergiyovych', '+380662401819', 'ZF8HBA2A8J', 0),
       ('Hrynevych', 'Nadiia', 'Valentynivna', '+380930401438', '9B4VQ2VTKQ', 0),
       ('Koval', 'Oleksii', 'Anatoliiovych', '+380680312557', '7ELHYTSV0U', 0),
       ('Ivanchenko', 'Inna', 'Vitaliivna', '+380948701414', 'UOGJRBG8I6', 0),
       ('Zakharov', 'Pavlo', 'Dmytrovych', '+380638386733', '41Y1IH4TGS', 0),
       ('Romanchuk', 'Katerina', 'Olehivna', '+380686620221', '9IK0TGZ0IA', 0),
       ('Hryhorenko', 'Viktor', 'Ivanovych', '+380632274751', 'DB327YK0SV', 0),
       ('Ivanova', 'Olga', 'Igorevna', '+380926458499', '6RK3SIJO49', 0),
       ('Zakharova', 'Svitlana', 'Yaroslavivna', '+380926717598', 'KYHJVSW3Y3', 0),
       ('Pavlov', 'Andriy', 'Oleksandrovych', '+380673122806', 'HT5N5A6V2F', 0),
       ('Hryhorov', 'Yevhen', 'Petrovych', '+380966171352', 'QEHCKGK33E', 0),
       ('Ivanchuk', 'Kateryna', 'Mykolaivna', '+380934479359', 'WMOSRLJY9H', 0),
       ('Kozachenko', 'Petro', 'Olehovych', '+380966625180', '2REUWXLKQF', 0),
       ('Shevchenko', 'Olena', 'Dmytrivna', '+380504230079', 'FDYHW0XP2J', 0),
       ('Lysenko', 'Vasyl', 'Ivanovych', '+380675163223', '6T01IFF9BH', 0),
       ('Tkachenko', 'Oksana', 'Dmytrivna', '+380680797254', 'WLD18S5XIE', 0),
       ('Hrynevych', 'Volodymyr', 'Yevhenovych', '+380991112233', 'R7CPUZUH6M', 0),
       ('Ivanova', 'Mariia', 'Olehivna', '+380918915336', 'Q1A04JFGAH', 0),
       ('Borisenko', 'Yulia', 'Sergiyivna', '+380671342178', 'F7925XX1DM', 0),
       ('Zaharchenko', 'Igor', 'Igorevich', '+380561112233', '667MQLT2A9', 0),
       ('Pavliuk', 'Nina', 'Yanivna', '+380007263735', '6F01L4Q57H', 0),
       ('Miroshnichenko', 'Anastasiia', 'Tarasivna', '+380455054926', 'QGV3S10IS9', 0),
       ('Sereda', 'Dmytro', 'Anatoliyovych', '+380309204129', 'VXQ9CD0AE1', 0),
       ('Bondarenko', 'Olena', 'Volodymyrivna', '+380490872348', 'E8Z9TS5O2D', 0),
       ('Tkachenko', 'Anna', 'Sergiyivna', '+380303495352', '355XJYW70R', 0),
       ('Tarashchuk', 'Marina', 'Yevheniyivna', '+380283001075', 'GBW0GMVUD6', 0),
       ('Boiko', 'Dmytro', 'Pavlovych', '+380352449110', 'U3EU491OCT', 0),
       ('Kovalenko', 'Kateryna', 'Yosypivna', '+380923931026', 'JA05CA2JJZ', 0),
       ('Ivachenko', 'Denis', 'Mikolayovich', '+380133451501', '1JLNREGYNG', 0),
       ('Kravchenko', 'Lubov', 'Fedorivna', '+380771527702', 'WVGKTBHGR8', 0);

-- Вставка медичних сертифікатів --
INSERT INTO medical_certificates (certificate_number, group_of_blood, rhesus_factor, person_id, ability_to_drive_marker) 
VALUES ('570880', 1, '+', '40F9ZS4KTI', true),
       ('771723', 2, '-', '1Q6LHSY9F6', true),
       ('210505', 3, '-', 'U5ZIIHI9Q4', true),
       ('892669', 4, '-', 'MKH7KZICVW', false),
       ('504467', 1, '+', 'ZY099QM7M6', true),
       ('744499', 2, '-', 'BGAVV8CV5Z', true),
       ('219834', 3, '+', '9TZ364BR9I', true),
       ('748130', 4, '-', '0887FFI23N', true),
       ('115071', 1, '+', '9659RIK4BZ', true),
       ('744799', 2, '-', 'OE4BTKOAZ5', false),
       ('636463', 3, '-', '4RURLOCH7Z', true),
       ('243896', 4, '-', 'JBCFPPE6NC', false),
       ('880491', 1, '+', '5RMO8V698L', true),
       ('175158', 2, '-', '5VE53ITSYC', true),
       ('891544', 3, '+', '0PT4XWXPJD', false),
       ('504991', 4, '-', 'QUC606TU5L', false),
       ('566679', 1, '+', 'P0S261EE9G', true),
       ('758083', 2, '+', '20ZFS6U0D2', true),
       ('771874', 3, '+', '41Y1IH4TGS', true),
       ('352717', 4, '-', 'DPYQTXUXRP', true),
       ('819665', 1, '+', 'MHBABTA572', true),
       ('771873', 2, '-', 'ZF8HBA2A8J', true),
       ('722046', 3, '+', '9B4VQ2VTKQ', false),
       ('115076', 4, '-', '7ELHYTSV0U', true),
       ('570871', 1, '+', 'UOGJRBG8I6', true),
       ('892658', 2, '+', 'F7925XX1DM', true),
       ('839245', 3, '+', '9IK0TGZ0IA', true),
       ('135157', 4, '-', 'DB327YK0SV', true),
       ('744794', 1, '+', '6RK3SIJO49', true),
       ('596700', 2, '-', 'KYHJVSW3Y3', true),
       ('522122', 3, '+', 'HT5N5A6V2F', true),
       ('219837', 4, '-', 'QEHCKGK33E', true),
       ('749499', 1, '+', 'WMOSRLJY9H', true),
       ('539733', 2, '-', '2REUWXLKQF', false),
       ('723740', 3, '-', 'FDYHW0XP2J', true),
       ('570869', 4, '-', '6T01IFF9BH', true),
       ('748137', 1, '+', 'WLD18S5XIE', true),
       ('892657', 2, '-', 'R7CPUZUH6M', true),
       ('175157', 3, '+', 'Q1A04JFGAH', true),
       ('993569', 3, '+', '6F01L4Q57H', true),
       ('293570', 2, '+', 'QGV3S10IS9', true),
       ('977285', 1, '+', 'VXQ9CD0AE1', true),
       ('246920', 1, '+', 'E8Z9TS5O2D', true),
       ('699213', 3, '-', '355XJYW70R', true),
       ('384401', 3, '+', 'GBW0GMVUD6', true),
       ('121750', 2, '-', 'U3EU491OCT', true),
       ('866647', 2, '-', 'JA05CA2JJZ', true),
       ('845370', 1, '+', '1JLNREGYNG', true),
       ('711323', 4, '-', 'WVGKTBHGR8', true),
       ('504997', 4, '-', '667MQLT2A9', false);

-- Вставка іспитів з теорії --
INSERT INTO log_of_theoretical_exams (date_of_passing, time_of_passing, applicant_id, inspector_id, success_marker, exam_grade) 
VALUES ('2023-07-14', '11:45', '4RURLOCH7Z', 'KL12', FALSE, 16),
       ('2023-07-14', '12:25', '0887FFI23N', 'KL12', FALSE, 13),
       ('2023-07-14', '14:00', 'DPYQTXUXRP', 'KL12', TRUE, 19),
       ('2023-07-14', '15:25', '7ELHYTSV0U', 'KL12', FALSE, 13),
       ('2023-07-21', '14:00', '9IK0TGZ0IA', 'J7K1', TRUE, 19),
       ('2023-07-21', '15:15', '6F01L4Q57H', 'J7K1', FALSE, 17),
       ('2023-07-21', '16:00', 'QGV3S10IS9', 'J7K1', TRUE, 19),
       ('2023-07-21', '17:00', 'R7CPUZUH6M', 'J7K1', TRUE, 18),
       ('2023-08-01', '12:00', 'ZY099QM7M6', 'OP56', TRUE, 18),
       ('2023-08-01', '12:15', 'MHBABTA572', 'OP56', FALSE, 17),
       ('2023-08-01', '12:20', '6RK3SIJO49', 'OP56', TRUE, 20),
       ('2023-08-08', '12:00', 'VXQ9CD0AE1', 'LK91', FALSE, 10),
       ('2023-08-08', '12:25', 'Q1A04JFGAH', 'LK91', FALSE, 14),
       ('2023-08-09', '12:45', 'KYHJVSW3Y3', '3V92', TRUE, 19),
       ('2023-08-09', '13:05', 'QEHCKGK33E', '3V92', TRUE, 20),
       ('2023-08-09', '13:15', 'U5ZIIHI9Q4', 'LK91', TRUE, 20),
       ('2023-08-10', '13:20', 'BGAVV8CV5Z', 'LK91', FALSE, 12),
       ('2023-08-10', '13:20', '40F9ZS4KTI', 'LK91', TRUE, 19),
       ('2023-08-11', '13:20', 'FDYHW0XP2J', 'LK91', FALSE, 15),
       ('2023-08-11', '14:00', '1Q6LHSY9F6', '9Z01', TRUE, 18),
       ('2023-08-15', '13:00', '9TZ364BR9I', '4567', TRUE, 19),
       ('2023-08-15', '11:15', '4RURLOCH7Z', 'ST90', TRUE, 19),
       ('2023-08-15', '12:00', '7ELHYTSV0U', 'ST90', TRUE, 20),
       ('2023-08-15', '12:35', 'HT5N5A6V2F', 'ST90', TRUE, 18),
       ('2023-08-15', '15:00', '6F01L4Q57H', 'ST90', TRUE, 19),
       ('2023-08-15', '16:00', 'VXQ9CD0AE1', 'ST90', TRUE, 18),
       ('2023-08-16', '10:00', 'E8Z9TS5O2D', 'QR78', TRUE, 20),
       ('2023-08-16', '11:00', '355XJYW70R', 'QR78', TRUE, 18),
       ('2023-08-16', '11:45', 'GBW0GMVUD6', 'QR78', TRUE, 18),
       ('2023-08-16', '12:00', 'U3EU491OCT', 'QR78', TRUE, 18),
       ('2023-09-12', '15:15', '5RMO8V698L', 'P5R2', TRUE, 20),
       ('2023-09-12', '16:00', 'JA05CA2JJZ', 'P5R2', TRUE, 20),
       ('2023-09-12', '16:15', '1JLNREGYNG', 'P5R2', TRUE, 19),
       ('2023-09-12', '16:45', 'WVGKTBHGR8', 'P5R2', TRUE, 20),
       ('2023-10-15', '12:20', '5VE53ITSYC', 'AB12', TRUE, 19),
       ('2023-10-19', '09:00', 'P0S261EE9G', '34CD', TRUE, 18),
       ('2023-10-18', '14:20', 'WLD18S5XIE', 'GH78', TRUE, 20),
       ('2023-10-18', '14:35', 'BGAVV8CV5Z', 'GH78', TRUE, 19),
       ('2023-10-27', '12:20', '6T01IFF9BH', '9Z01', TRUE, 20),
       ('2023-11-12', '15:00', '0887FFI23N', 'KL12', TRUE, 18),
       ('2023-11-12', '15:00', 'DB327YK0SV', 'KL12', TRUE, 19),
       ('2023-11-12', '15:10', '9659RIK4BZ', 'KL12', TRUE, 20),
       ('2023-11-12', '15:15', '20ZFS6U0D2', 'KL12', TRUE, 19),
       ('2023-11-12', '15:15', 'FDYHW0XP2J', 'KL12', TRUE, 18),
       ('2023-12-08', '12:00', 'MHBABTA572', '8P3Y', TRUE, 20),
       ('2023-12-08', '12:00', 'WMOSRLJY9H', '8P3Y', TRUE, 20),
       ('2024-01-06', '14:15', 'UOGJRBG8I6', 'EF56', NULL, NULL),
       ('2024-01-06', '14:20', 'ZF8HBA2A8J', 'EF56', NULL, NULL),
       ('2024-01-06', '14:30', '41Y1IH4TGS', 'EF56', NULL, NULL),
       ('2024-01-06', '14:40', 'Q1A04JFGAH', 'EF56', NULL, NULL);
       
-- Вставка іспитів з практики --
INSERT INTO log_of_practical_exams (date_of_passing, time_of_passing, transport_id, inspector_id, applicant_id, success_marker, amount_of_mistakes, category_of_transport) 
VALUES ('2023-10-11', '09:00', 'I9J0', 'KL12', '4RURLOCH7Z', TRUE, 2, 'B'), 
       ('2023-10-11', '11:00', 'Q7R8', '34CD', '7ELHYTSV0U', TRUE, 0, 'C1'), 
       ('2023-10-12', '12:00', 'Q7R8', 'QR78', '9IK0TGZ0IA', FALSE, 4, 'C1'),
       ('2023-10-12', '13:00', 'E5F6', 'OP56', 'HT5N5A6V2F', TRUE, 1, 'A'), 
       ('2023-10-12', '13:15', 'I9J0', 'IJ90', 'R7CPUZUH6M', FALSE, 4, 'B'), 
       ('2023-10-14', '14:00', 'U1V2', 'YZ12', '6F01L4Q57H', TRUE, 1, 'B1'), 
       ('2023-10-14', '15:00', 'MNOP', '34CD', 'QGV3S10IS9', FALSE, 4, 'B'), 
       ('2023-10-14', '15:30', 'I9J0', 'QR78', 'VXQ9CD0AE1', FALSE, 8, 'B'),
       ('2023-10-14', '15:45', 'BC45', 'EFGH', 'E8Z9TS5O2D', TRUE, 0, 'B'), 
       ('2023-10-16', '11:05', 'BC45', 'GH78', '355XJYW70R', TRUE, 0, 'B'), 
       ('2023-10-16', '12:15', 'A1B2', 'AB12', 'ZY099QM7M6', FALSE, 4, 'A'),
       ('2023-10-16', '13:00', 'W3X4', '3456', 'DPYQTXUXRP', TRUE, 2, 'A'), 
       ('2023-10-23', '12:00', 'GH12', '7890', 'HT5N5A6V2F', TRUE, 0, 'A1'), 
       ('2023-10-23', '12:45', 'D678', '3456', '6F01L4Q57H', TRUE, 0, 'D1'), 
       ('2023-10-23', '14:50', 'G7H8', 'OP56', 'QGV3S10IS9', FALSE, 3, 'B'), 
       ('2023-10-23', '16:00', 'BC45', 'YZ12', 'GBW0GMVUD6', TRUE, 2, 'B'), 
       ('2023-10-23', '17:00', 'I9J0', 'KL12', 'R7CPUZUH6M', TRUE, 0, 'B'), 
       ('2023-10-25', '09:00', 'G7H8', 'EF56', '1Q6LHSY9F6', FALSE, 5, 'B'),
       ('2023-10-25', '11:00', 'W3X4', '34CD', '9TZ364BR9I', TRUE, 1, 'B'),
       ('2023-10-25', '11:34', 'I9J0', 'MN34', '5RMO8V698L', TRUE, 2, 'B'),
       ('2023-10-25', '12:00', 'U1V2', 'GH78', '5VE53ITSYC', FALSE, 7, 'B1'),
       ('2023-10-26', '09:00', 'U1V2', 'QR78', 'DPYQTXUXRP', TRUE, 1, 'B1'), 
       ('2023-10-26', '10:00', 'BC45', 'MNOP', '7ELHYTSV0U', TRUE, 1, 'B'), 
       ('2023-10-26', '11:00', 'Q7R8', '34CD', '9IK0TGZ0IA', FALSE, 5, 'C1'), 
       ('2023-10-26', '12:00', 'I9J0', 'IJ90', 'HT5N5A6V2F', TRUE, 2, 'B'), 
       ('2023-10-26', '13:00', 'G7H8', 'OP56', 'QGV3S10IS9', TRUE, 1, 'B'), 
       ('2023-10-29', '08:00', 'S9T0', 'ST90', 'P0S261EE9G', FALSE, 4, 'C'),
       ('2023-10-29', '08:45', 'O5P6', 'EFGH', '1Q6LHSY9F6', TRUE, 1, 'A'),
       ('2023-10-29', '09:00', 'Y5Z6', 'MNOP', 'WLD18S5XIE', FALSE, 5, 'A'),
       ('2023-10-29', '11:00', '123A', 'QRST', 'BGAVV8CV5Z', FALSE, 8, 'D'),
       ('2023-11-02', '15:00', 'BC45', '34CD', 'VXQ9CD0AE1', FALSE, 4, 'B'), 
       ('2023-11-02', '15:55', 'G7H8', 'QR78', 'U3EU491OCT', FALSE, 3, 'B'), 
       ('2023-11-02', '16:00', 'U1V2', '3456', 'HT5N5A6V2F', TRUE, 0, 'B1'), 
       ('2023-11-02', '16:30', 'Q7R8', 'KL12', '9IK0TGZ0IA', TRUE, 1, 'C1'), 
       ('2023-11-05', '12:45', 'EF90', 'MN34', 'ZY099QM7M6', FALSE, 7, 'T'),
       ('2023-11-05', '13:00', 'IJKL', '34CD', '6T01IFF9BH', TRUE, 0, 'T'),
       ('2023-11-05', '14:00', 'S9T0', 'YZ12', '0887FFI23N', TRUE, 1, 'C'),
       ('2023-11-25', '12:00', 'IJKL', 'UVWX', 'WLD18S5XIE', FALSE, 3, 'T'),
       ('2023-11-25', '12:00', 'I9J0', 'EF56', 'DB327YK0SV', FALSE, 4, 'B'),
       ('2023-11-25', '12:00', 'C3D4', 'ABC1', 'P0S261EE9G', TRUE, 2, 'A1'),
       ('2023-11-25', '15:50', 'O5P6', 'IJKL', '9659RIK4BZ', FALSE, 3, 'A'),
       ('2023-12-30', '12:00', 'BC45', 'ST90', '20ZFS6U0D2', FALSE, 3, 'B'),
       ('2023-12-30', '14:00', 'W3X4', '3456', 'FDYHW0XP2J', TRUE, 0, 'B'),
       ('2023-12-30', '15:00', 'MNOP', 'ABCD', 'MHBABTA572', TRUE, 1, 'B'),
       ('2023-12-30', '16:00', 'BC45', 'IJKL', 'WMOSRLJY9H', TRUE, 0, 'B'),
       ('2024-01-01', '15:15', 'I9J0', 'IJ90', 'VXQ9CD0AE1', FALSE, 7, 'B'), 
       ('2024-01-01', '16:55', 'BC45', 'MNOP', 'U3EU491OCT', TRUE, 1, 'B'), 
       ('2024-01-02', '12:00', 'C3D4', 'KL12', 'JA05CA2JJZ', TRUE, 0, 'A1'), 
       ('2024-01-02', '12:45', 'G7H8', 'OP56', '1JLNREGYNG', TRUE, 0, 'B'), 
       ('2024-01-02', '13:00', 'Q7R8', '3456', 'WVGKTBHGR8', TRUE, 1, 'C1'), 
       ('2024-01-03', '11:00', 'W3X4', 'KL12', '1Q6LHSY9F6', TRUE, 1, 'B'),
       ('2024-01-03', '12:00', 'E5F6', 'ST90', 'KYHJVSW3Y3', TRUE, 1, 'A'),
       ('2024-01-03', '15:55', 'Y5Z6', 'IJ90', 'ZY099QM7M6', NULL, NULL, 'A'),
       ('2024-01-03', '15:55', 'U1V2', '7890', '9659RIK4BZ', NULL, NULL, 'B1'),
       ('2024-01-03', '16:15', 'W3X4', 'IJKL', '5VE53ITSYC', NULL, NULL, 'B'),
       ('2024-01-04', '08:00', 'GH12', 'AB12', '6RK3SIJO49', NULL, NULL, 'A1'),
       ('2024-01-04', '09:00', 'K1L2', 'YZ12', 'QEHCKGK33E', NULL, NULL, 'A1'),
       ('2024-01-04', '10:00', 'D678', 'KL12', '20ZFS6U0D2', NULL, NULL, 'D1'),
       ('2024-01-04', '12:25', 'M3N4', '7890', 'DB327YK0SV', NULL, NULL, 'C'),
       ('2024-01-05', '14:30', 'G7H8', 'UVWX', 'WLD18S5XIE', NULL, NULL, 'B'),
       ('2024-01-05', '15:00', 'I9J0', 'QR78', 'P0S261EE9G', NULL, NULL, 'B'),
       ('2024-01-06', '13:00', 'W3X4', 'OP56', '9659RIK4BZ', NULL, NULL, 'B'),
       ('2024-01-06', '14:00', 'G7H8', 'AB12', 'BGAVV8CV5Z', NULL, NULL, 'B'),
       ('2024-01-06', '15:00', 'A1B2', 'KL12', 'U5ZIIHI9Q4', NULL, NULL, 'A'),
       ('2024-01-06', '16:00', 'Q7R8', '34CD', '40F9ZS4KTI', NULL, NULL, 'C1');

-- Вставка водійських прав --
INSERT INTO drivers_license (drivers_license_number, last_name, first_name, middle_name, obtaining_date, expiration_date)
VALUES ('DEO607623', 'Hrytsenko', 'Nataliia', 'Pavlivna', '2023-10-12', '2053-10-12'),
       ('GHC629684', 'Pavlova', 'Anna', 'Yaroslavivna', '2023-10-15', '2033-10-15'),
       ('IEC746207', 'Petrova', 'Olena', 'Mykhailivna', '2023-10-16', '2025-10-16'),
       ('KOX781795', 'Lysenko', 'Vasyl', 'Ivanovych', '2023-11-05', '2053-11-05'),
       ('OCV821326', 'Sydorenko', 'Vadym', 'Ivanovych', '2023-11-05', '2053-11-05'),
       ('TDD337514', 'Kovalenko', 'Viktor', 'Viktorovych', '2023-11-25', '2053-11-25'),
       ('VAN404609', 'Shevchenko', 'Olena', 'Dmytrivna', '2023-12-30', '2053-12-30'),
       ('WPT356695', 'Sydorenko', 'Ivan', 'Pavlovych', '2023-12-30', '2053-12-30'),
       ('WYT949478', 'Ivanchuk', 'Kateryna', 'Mykolaivna', '2024-01-03', '2026-01-03'),
       ('YBT046268', 'Zakharova', 'Svitlana', 'Yaroslavivna', '2024-01-03', '2054-01-03'),
       ('MLQ650656', 'Ivanova', 'Nataliia', 'Olehivna', '2023-07-14', '2053-07-14'),
       ('YUD505187', 'Morozova', 'Olga', 'Ivanivna', '2023-10-16', '2025-10-16'),
       ('YPY243387', 'Koval', 'Oleksii', 'Anatoliiovych', '2023-10-11', '2053-10-11'), 
       ('GGQ027807', 'Romanchuk', 'Katerina', 'Olehivna', '2023-11-02', '2053-11-02'), 
       ('SPE103618', 'Pavlov', 'Andriy', 'Oleksandrovych', '2023-10-12', '2033-10-12'),
       ('CSY833559', 'Hrynevych', 'Volodymyr', 'Yevhenovych', '2023-10-23', '2025-10-23'), 
       ('WZT497204', 'Pavliuk', 'Nina', 'Yanivna', '2023-10-23', '2053-10-23'), 
       ('UQY043227', 'Miroshnichenko', 'Anastasiia', 'Tarasivna', '2023-10-26', '2053-10-26'), 
       ('JLT842865', 'Bondarenko', 'Olena', 'Volodymyrivna', '2023-10-14', '2053-10-14'), 
       ('UBL640882', 'Tkachenko', 'Anna', 'Sergiyivna', '2023-10-16', '2053-10-16'), 
       ('QIS616181', 'Tarashchuk', 'Marina', 'Yevheniyivna', '2023-10-23', '2053-10-23'), 
       ('KRK967838', 'Ivachenko', 'Denis', 'Mikolayovich', '2024-01-02', '2054-01-02'), 
       ('CAU185664', 'Kravchenko', 'Lubov', 'Fedorivna', '2024-01-02', '2026-01-02'), 
       ('VMV596859', 'Boiko', 'Dmytro', 'Pavlovych', '2024-01-01', '2034-01-01'), 
       ('HRE662993', 'Kovalenko', 'Kateryna', 'Yosypivna', '2024-01-02', '2054-01-02');

-- Вставка отриманих категорій --
INSERT INTO received_categories (category_of_transport, drivers_license_number, type_of_gearbox) 
VALUES ('B', 'DEO607623', 'AT'),
       ('B', 'MLQ650656', 'AT'),
       ('B', 'UBL640882', 'MT'),
       ('B', 'GHC629684', 'AT'),
       ('A', 'IEC746207', 'MT'),
       ('T', 'KOX781795', 'AT'),
       ('C', 'OCV821326', 'MT'),
       ('A1', 'TDD337514', 'MT'),
       ('B', 'VAN404609', 'AT'),
       ('B', 'WPT356695', 'MT'),
       ('B', 'WYT949478', 'MT'),
       ('A', 'YBT046268', 'MT'),
       ('B', 'IEC746207', 'AT'),
       ('A', 'YUD505187', 'AT'),
       ('B1', 'YUD505187', 'MT'),
       ('C1', 'YPY243387', 'MT'),
       ('B', 'YPY243387', 'MT'),
       ('C1', 'GGQ027807', 'MT'),
       ('A1', 'SPE103618', 'MT'),
       ('A', 'SPE103618', 'MT'),
       ('B1', 'SPE103618', 'MT'),
       ('B', 'SPE103618', 'AT'),
       ('B', 'CSY833559', 'AT'),
       ('B1', 'WZT497204', 'MT'),
       ('D1', 'WZT497204', 'MT'),
       ('B', 'UQY043227', 'MT'),
       ('B', 'JLT842865', 'MT'),
       ('B', 'QIS616181', 'MT'),
       ('B', 'KRK967838', 'MT'),
       ('C1', 'CAU185664', 'MT'),
       ('B', 'VMV596859', 'MT'),
       ('A1', 'HRE662993', 'MT');
